Career,Numerical Ability,Abstract Reasoning,Verbal Reasoning,Mechanical Reasoning,Space Relations,Verbal Ability,cluster
Financial Managers,61,64,72,18,30,66,200
Cost Estimators,68,62,66,19,42,61,200
Accountants and Auditors,67,61,67,22,33,65,200
Budget Analysts,68,59,67,16,28,64,200
Credit Analysts,65,60,66,25,24,59,200
Personal Financial Advisors,64,62,67,21,24,67,200
Treasurers and Controllers,67,66,69,29,36,67,200
Survey Researchers,67,63,69,24,30,70,200
Mathematical Science Teachers  Postsecondary,74,62,72,13,30,69,200
Statistical Assistants,76,58,67,26,42,64,200
Financial Planner,64,62,67,21,24,67,200
Financial Quantitative Analysts,73,67,70,23,32,60,200
Kindergarten Teachers  Except Special Education,39,57,65,30,36,65,201
Directors  Religious Activities and Education,39,57,68,17,38,63,201
Social Science Research Assistants,49,54,68,36,40,63,201
Software Quality Assurance Analysts and Testers,40,61,67,27,40,64,201
General and Operations Managers,44,54,67,20,40,67,201
Postmasters and Mail Superintendents,44,55,66,28,34,58,201
Logistics Analysts,59,60,66,25,43,57,201
Appraisers and Assessors of Real Estate BROKER,51,57,65,30,37,59,201
Tax Examiners and Collectors  and Revenue Agents,53,59,67,31,30,61,201
Middle School Teachers  Except Special and Career/Technical Education,45,57,67,21,41,65,201
Transportation  Storage  and Distribution Managers,48,59,67,26,38,65,201
First-Line Supervisors of Non-Retail Sales Workers,49,62,65,31,43,59,201
Computer Programmers,49,59,66,30,44,55,201
Real Estate Sales Agents,46,52,66,21,43,53,201
Loan Interviewers and Clerks,50,55,69,36,38,61,201
Construction and Building Inspectors,45,59,64,22,47,61,201
Database Architects,47,62,67,21,45,58,201
Advertising Sales Agents,43,53,66,21,45,59,201
Chief Sustainability Officers,45,68,70,20,43,71,202
Marketing Managers,53,66,68,19,47,66,202
Sales Managers,54,65,69,19,36,65,202
Purchasing Managers,53,63,67,14,36,64,202
Supply Chain Managers,50,60,68,21,41,67,202
Human Resources Managers,50,64,71,26,36,67,202
Education and Childcare Administrators  Preschool and Daycare,44,63,67,25,36,70,202
Clinical Research Coordinators,47,60,69,25,41,67,202
Advertising and Promotions Managers,47,64,68,16,51,65,202
Management Analysts,47,66,70,13,33,68,202
Water Resource Specialists,54,62,67,21,46,66,202
Advertising,47,64,68,16,51,65,202
Investigators,45,63,69,17,32,68,202
Dietitians and Nutritionists,48,63,71,23,37,68,202
Special Education Teachers  Secondary School,45,62,67,23,40,66,202
Special Education Teachers  Middle School,45,61,68,16,37,67,202
Secondary School Teachers  Except Special and Career/Technical Education,45,61,68,23,45,66,202
Geographers,50,64,73,16,45,71,202
Industrial Ecologists,57,68,70,0,43,73,202
Climate Change Policy Analysts,47,61,70,13,39,67,202
Validation Engineers,54,63,70,28,44,69,202
Clinical Data Managers,53,62,68,23,31,66,202
Information Technology Project Managers,49,64,67,21,45,67,202
Fraud Examiners  Investigators and Analysts,45,63,69,17,32,68,202
Sustainability Specialists,46,61,66,18,38,67,202
Business Continuity Planners,45,67,67,17,44,71,202
Search Marketing Strategists,43,64,67,17,30,66,202
Fundraisers,47,64,67,24,30,67,202
Claims Adjusters  Examiners  and Investigators,49,61,73,17,36,66,202
Social and Community Service Managers,48,63,70,30,38,66,202
Compensation and Benefits Managers,49,52,67,19,25,67,203
Property  Real Estate  and Community Association Managers,47,55,67,11,36,63,203
Purchasing Agents  Except Wholesale  Retail  and Farm Products,50,58,68,15,26,64,203
Compensation  Benefits  and Job Analysis Specialists,49,57,67,22,31,57,203
Insurance Underwriters RISK ANALYST,44,56,63,23,28,63,203
Credit Counselors,49,59,66,24,29,63,203
Loan Officers LOAN NEGOTIATOR,53,57,67,25,19,65,203
Tax Preparers,54,53,65,26,25,50,203
Data Warehousing Specialists,49,59,64,5,40,60,203
Adult Basic Education  Adult Secondary Education  and English as a Second Language Instructors,44,55,67,20,27,67,203
Insurance Sales Agents,48,50,67,18,25,60,203
Securities  Commodities  and Financial Services Sales Agents,53,59,65,3,29,58,203
Economics Teachers  Postsecondary,57,60,74,21,38,74,204
Intelligence Analysts,46,67,74,21,42,73,204
Education Administrators  Postsecondary,46,65,73,16,37,73,204
Medical and Health Services Managers,48,63,74,10,30,67,204
Education Administrators  Kindergarten through Secondary,48,68,76,20,42,74,204
Market Research Analysts and Marketing Specialists,56,69,70,24,36,70,204
Physics Teachers  Postsecondary,60,64,76,30,35,74,204
Chemistry Teachers  Postsecondary,49,63,75,22,38,75,204
Atmospheric  Earth  Marine  and Space Sciences Teachers  Postsecondary,56,63,75,16,31,75,204
Forestry and Conservation Science Teachers  Postsecondary,49,61,76,22,29,74,204
Natural Sciences Managers,56,68,74,25,34,74,204
Computer Science Teachers  Postsecondary,50,60,74,28,37,74,204
Agricultural Sciences Teachers  Postsecondary,49,65,75,29,29,73,204
School Psychologists,45,63,76,24,35,72,204
Economists,65,68,74,13,34,74,204
Atmospheric and Space Scientists,52,63,77,22,40,72,204
Business Intelligence Analysts,55,66,72,16,30,70,204
Financial Examiners,58,65,73,20,33,67,204
Business Teachers  Postsecondary,52,60,74,17,30,76,204
Fashion Designers,34,63,66,48,59,59,300
Architectural and Civil Drafters,49,53,64,41,61,57,300
Special Effects Artists and Animators,38,58,68,39,67,59,300
Commercial and Industrial Designers,45,64,63,42,65,55,300
Graphic Designers,27,56,61,42,56,57,300
Electrical and Electronics Drafters,46,52,67,35,61,60,300
Choreographers,23,60,64,29,58,51,300
Film and Video Editors,27,55,64,45,60,56,300
Athletic Trainers,27,60,63,47,47,63,300
Desktop Publishers,30,56,63,39,65,60,300
Aviation Inspectors,36,61,66,50,53,61,300
Set and Exhibit Designers,42,62,66,43,70,62,300
Audio and Video Technicians,31,51,61,65,50,57,301
Sound Engineering Technicians,30,52,60,61,48,56,301
Prosthodontists,35,59,63,64,60,55,301
Acupuncturists,30,60,64,54,45,54,301
Cytotechnologists,35,56,67,60,45,52,301
Cardiovascular Technologists and Technicians,40,56,63,69,41,57,301
Surgical Assistants,39,54,65,67,50,54,301
Psychiatric Technicians,31,56,63,64,37,58,301
Physical Therapist Assistants,28,52,65,46,47,52,301
Avionics Technicians,33,56,66,60,56,60,301
Aircraft Mechanics and Service Technicians,36,56,63,67,56,53,301
Captains  Mates  and Pilots of Water Vessels,38,53,61,56,52,55,301
Ship Engineers,35,55,62,63,54,52,301
Diagnostic Medical Sonographers,32,52,65,56,47,59,301
Automotive Engineering Technicians,44,58,64,68,50,54,301
Museum Technicians and Conservators,34,53,61,63,53,59,301
Precision Agriculture Technicians,51,61,67,63,53,64,302
Robotics Technicians,46,62,68,66,63,55,302
Electrical and Electronic Engineering Technologists and Technicians,49,58,63,68,55,54,302
Civil Engineering Technologists and Technicians,60,57,66,60,62,62,302
Aerospace Engineering and Operations Technologists and Technicians,48,60,69,67,55,63,302
Bioinformatics Technicians,57,60,68,57,48,63,302
Geographic Information Systems Technologists and Technicians,55,60,68,61,53,60,302
Environmental Engineering Technologists and Technicians,50,61,71,67,47,56,302
Navy,52,63,70,78,59,50,302
Commercial Pilots,40,61,66,72,51,54,302
Mechanical Engineering Technologists and Technicians,57,59,68,66,58,58,302
Airline Pilots  Copilots  and Flight Engineers,52,63,70,78,59,50,302
Oral and Maxillofacial Surgeons,45,67,73,76,58,63,302
Dentists  General,48,69,71,78,55,56,302
Forensic ,43,66,70,67,54,64,302
Remote Sensing Technicians,56,60,64,63,54,61,302
Forensic Science Technicians,43,66,70,67,54,64,302
Nuclear Monitoring Technicians,48,60,66,68,45,63,302
Environmental Science and Protection Technicians  Including Health,52,57,67,64,45,63,302
Chemical Technicians,49,58,66,67,49,65,302
Biological Technicians,49,59,66,64,48,61,302
Orthodontists,40,62,66,67,52,62,302
Industrial Engineering Technologists and Technicians,52,63,65,62,55,56,302
Electrical and Electronics Repairers  Powerhouse  Substation  and Relay,44,46,61,52,49,50,303
Dietetic Technicians,45,53,58,57,45,49,303
Veterinary Technologists and Technicians,46,58,63,67,43,49,303
Firefighters,40,57,61,61,54,50,303
Chefs and Head Cooks,49,59,60,50,49,50,303
First-Line Supervisors of Farming  Fishing  and Forestry Workers,40,52,57,50,47,51,303
Electricians,47,59,58,58,59,47,303
Electrical and Electronics Repairers  Commercial and Industrial Equipment,44,55,58,61,55,47,303
Fabric and Apparel Patternmakers,54,55,56,54,68,48,303
Hydroelectric Plant Technicians,47,55,60,57,53,47,303
Biofuels Processing Technicians,44,50,59,58,48,51,303
Medical Appliance Technicians,44,54,58,59,62,47,303
Aircraft Cargo Handling Supervisors,45,51,57,48,54,48,303
Traffic Technicians,47,55,62,61,49,51,303
Forest and Conservation Technicians,43,54,61,65,54,50,303
Medical and Clinical Laboratory Technicians,46,47,60,56,45,48,303
Surveying and Mapping Technicians,53,51,59,63,49,50,303
Nuclear Technicians,50,59,63,66,48,48,303
Electro-Mechanical and Mechatronics Technologists and Technicians,47,58,57,67,56,52,303
Photonics Technicians,46,49,59,59,48,57,303
Mechanical Drafters,54,53,55,61,60,52,303
Farmers  Ranchers  and Other Agricultural Managers,44,58,64,47,45,60,304
Computer Network Support Specialists,35,59,65,46,47,57,304
Computer User Support Specialists TECH HELP DESK,38,53,67,49,43,59,304
Telecommunications Engineering Specialists,48,54,62,45,45,56,304
Network and Computer Systems Administrators,48,61,64,42,49,55,304
Web Developers,46,59,62,44,53,53,304
Cartographers and Photogrammetrists,47,56,67,45,53,59,304
Nanotechnology Engineering Technologists and Technicians,49,57,66,55,50,56,304
Agricultural Technicians,49,52,63,64,41,59,304
Food Science Technicians,48,54,63,61,41,62,304
Geological Technicians  Except Hydrologic Technicians,45,51,66,61,45,56,304
Quality Control Analysts,47,54,66,47,43,64,304
Occupational Health and Safety Technicians,43,59,63,62,34,60,304
Non-Destructive Testing Specialists,46,58,64,49,49,58,304
Radiation Therapists,44,53,65,49,46,57,304
Anesthesiologist Assistants,48,57,68,54,45,59,304
Airfield Operations Specialists,35,58,67,43,47,60,304
Power Distributors and Dispatchers,45,58,65,42,47,58,304
Agricultural Inspectors,35,57,62,37,44,52,304
Forest Fire Inspectors and Prevention Specialists,38,54,61,43,43,53,304
Neurodiagnostic Technologists,34,57,65,49,45,55,304
Transportation Inspectors,43,49,64,42,47,61,304
Magnetic Resonance Imaging Technologists,39,52,66,48,44,60,304
Nuclear Medicine Technologists,48,53,65,48,45,58,304
Medical and Clinical Laboratory Technologists,47,57,68,54,47,51,304
Respiratory Therapists,45,58,64,49,36,58,304
Licensed Practical and Licensed Vocational Nurses,42,57,67,47,41,56,304
Cooks  Restaurant,36,44,45,49,45,38,400
Cooks  Short Order,30,38,50,46,37,34,400
Animal Caretakers,25,40,48,38,27,35,400
Motion Picture Projectionists,13,37,50,48,41,39,400
Exercise Trainers and Group Fitness Instructors,17,48,51,46,30,44,400
Animal Breeders,31,41,47,48,37,36,400
Postal Service Mail Sorters  Processors  and Processing Machine Operators,24,37,47,53,27,34,400
Painters  Construction and Maintenance,26,40,48,48,40,32,400
Textile Bleaching and Dyeing Machine Operators and Tenders,37,44,49,58,41,36,400
Transportation Vehicle  Equipment and Systems Inspectors  Except Aviation,25,41,52,45,44,42,400
Cooks  Fast Food,23,35,50,42,24,31,400
Couriers and Messengers,26,39,53,47,33,44,400
Security Guards,19,42,50,29,31,39,400
Cooks  Private Household,31,49,50,50,38,42,400
Dancers,10,41,51,30,42,39,400
Physical Therapist Aides,27,41,51,45,37,45,400
Food Preparation Workers,23,35,41,48,28,31,401
Fast Food and Counter Workers,29,30,43,37,25,27,401
Agricultural Equipment Operators,16,41,44,64,44,27,401
Automotive Glass Installers and Repairers,24,40,43,48,47,34,401
Helpers--Installation  Maintenance  and Repair Workers,26,39,44,56,49,29,401
Fishing and Hunting Workers,19,43,45,55,47,31,401
Foundry Mold and Coremakers,24,34,36,62,46,24,401
Sewing Machine Operators,25,35,40,56,47,26,401
Textile Cutting Machine Setters  Operators  and Tenders,27,39,45,51,50,29,401
Textile Knitting and Weaving Machine Setters  Operators  and Tenders,15,33,45,59,41,31,401
Textile Winding  Twisting  and Drawing Out Machine Setters  Operators  and Tenders,27,37,39,57,46,29,401
Structural Metal Fabricators and Fitters,26,37,46,54,53,36,401
Criminal Justice and Law Enforcement Teachers  Postsecondary,29,59,74,13,27,74,500
English Language and Literature Teachers  Postsecondary,26,62,81,5,27,77,500
Philosophy and Religion Teachers  Postsecondary,28,61,75,13,25,74,500
Communications Teachers  Postsecondary,33,59,73,10,28,73,500
Social Work Teachers  Postsecondary,31,64,73,16,27,74,500
Law Teachers  Postsecondary,29,65,77,16,24,74,500
Library Science Teachers  Postsecondary,32,59,77,16,29,73,500
Foreign Language and Literature Teachers  Postsecondary,26,55,73,11,27,72,500
Sociology Teachers  Postsecondary,32,61,74,13,19,74,500
Political Science Teachers  Postsecondary,30,56,76,5,20,74,500
Area  Ethnic  and Cultural Studies Teachers  Postsecondary,29,59,73,14,28,74,500
Arbitrators  Mediators  and Conciliators,29,62,74,13,29,72,500
History Teachers  Postsecondary,27,60,74,0,23,78,500
Historians,21,58,77,19,26,76,500
Education Teachers  Postsecondary,31,61,76,19,24,75,500
Private Detectives and Investigators,35,62,66,36,32,65,501
Real Estate Brokers,37,52,67,10,24,58,501
Speech-Language Pathology Assistants,31,54,66,30,31,65,501
Tutors,42,53,68,19,29,67,501
Low Vision Therapists  Orientation and Mobility Specialists  and Vision Rehabilitation Therapists,33,58,67,26,43,65,501
Agents and Business Managers of Artists  Performers  and Athletes,37,59,67,15,26,62,501
Human Resources Specialists,33,55,67,21,28,64,501
Rehabilitation Counselors,30,60,66,20,26,65,501
Health Education Specialists,31,61,68,30,30,68,501
Probation Officers and Correctional Treatment Specialists,24,59,66,25,27,63,501
Social and Human Service Assistants,28,58,65,19,30,64,501
Patient Representatives,31,54,66,30,26,62,501
Paralegals and Legal Assistants,29,50,69,27,30,67,501
Archivists,32,55,67,29,32,67,501
Teaching Assistants  Postsecondary,33,52,70,16,30,60,501
Talent Directors,34,58,67,15,41,61,501
Broadcast Announcers and Radio Disc Jockeys,18,56,67,33,25,64,501
News Analysts  Reporters  and Journalists,25,60,70,30,34,67,501
Interpreters and Translators,21,48,70,27,38,67,501
Special Education Teachers  Preschool,26,61,67,28,34,63,501
Criminologists,40,65,73,25,30,74,502
Sociologists,40,63,75,10,27,74,502
Health Specialties Teachers  Postsecondary,44,59,74,26,30,74,502
Clinical and Counseling Psychologists,35,66,77,3,29,71,502
Political Scientists,40,62,78,10,29,73,502
Mental Health and Substance Abuse Social Workers,35,67,75,16,28,70,502
Lawyers,37,67,80,30,37,75,502
Judicial Law Clerks,39,59,77,22,25,73,502
Administrative Law Judges  Adjudicators  and Hearing Officers,33,65,77,22,19,75,502
Judges  Magistrate Judges  and Magistrates,31,70,80,11,26,75,502
Biological Science Teachers  Postsecondary,44,64,76,21,28,75,502
Family and Consumer Sciences Teachers  Postsecondary,38,57,73,20,33,70,502
Anthropology and Archeology Teachers  Postsecondary,39,63,75,19,30,75,502
Geography Teachers  Postsecondary,38,60,74,12,33,74,502
Psychology Teachers  Postsecondary,41,62,74,13,29,75,502
Environmental Science Teachers  Postsecondary,45,62,74,13,27,74,502
Public Relations Specialists,29,63,69,15,39,68,503
Regulatory Affairs Managers,38,61,69,16,26,68,503
Social Workers,27,66,71,23,25,66,503
Training and Development Specialists,36,62,67,16,35,67,503
Substance Abuse and Behavioral Disorder Counselors,28,63,70,15,38,67,503
Educational  Guidance  and Career Counselors and Advisors,35,63,72,14,38,69,503
Compliance Managers,31,62,69,19,28,70,503
Mental Health Counselors,31,70,76,21,30,70,503
Child  Family  and School Social Workers,29,60,71,20,30,68,503
Healthcare Social Workers,27,66,71,23,25,66,503
Clergy,39,65,71,20,35,70,503
Recreation and Fitness Studies Teachers  Postsecondary,35,59,72,8,30,69,503
Marriage and Family Therapists,26,67,71,15,28,67,503
Writers and Authors,9,56,69,9,36,80,504
Technical Writers,19,55,70,31,49,78,504
Legal Secretaries and Administrative Assistants,29,44,66,27,28,63,600
Human Resources Assistants  Except Payroll and Timekeeping,28,47,66,20,27,63,600
Credit Authorizers  Checkers  and Clerks,31,47,65,31,13,62,600
Medical Transcriptionists,24,40,73,48,18,66,600
Court Reporters and Simultaneous Captioners,20,36,66,47,20,65,600
Librarians and Media Collections Specialists,30,51,68,29,28,62,600
Proofreaders and Copy Markers,15,38,68,23,25,62,600
Secretaries and Administrative Assistants  Except Legal  Medical  and Executive,26,42,67,26,29,66,600
Pharmacy Aides,39,38,59,46,30,45,601
Pharmacy Technicians,46,44,67,62,30,48,601
Ophthalmic Medical Technicians,38,45,61,63,33,52,601
Nursing Assistants,29,42,56,42,27,48,601
Occupational Therapy Aides,26,47,56,47,31,49,601
Massage Therapists,20,46,55,54,26,48,601
Dental Assistants,31,48,61,49,36,48,601
Veterinary Assistants and Laboratory Animal Caretakers,38,43,52,48,31,50,601
Phlebotomists,30,46,60,53,38,48,601
File Clerks,28,45,61,45,29,54,601
Library Assistants  Clerical,28,39,56,34,34,47,601
Reservation and Transportation Ticket Agents and Travel Clerks,35,47,61,42,29,48,601
Medical Secretaries and Administrative Assistants,29,42,65,42,27,48,601
Data Entry Keyers,31,41,56,56,32,48,601
Word Processors and Typists,31,37,58,42,34,52,601
Flight Attendants,28,50,56,44,29,45,601
Nursing,29,42,56,42,27,48,601
Musicians and Singers,27,46,61,48,41,48,601
Library Technicians,28,41,57,53,27,47,601
New Accounts Clerks,45,46,65,31,26,47,602
Receptionists and Information Clerks,37,42,58,38,30,55,602
Insurance Claims and Policy Processing Clerks,40,44,59,22,25,53,602
Office Clerks  General,40,43,59,31,29,55,602
Bookkeeping  Accounting  and Auditing Clerks,62,43,66,36,25,59,602
Court  Municipal  and License Clerks,34,47,60,28,23,54,602
Counter and Rental Clerks,41,42,59,36,28,47,602
Travel Agents,42,51,65,27,31,48,602
Bill and Account Collectors,41,44,62,27,29,57,602
Billing and Posting Clerks,46,43,56,22,22,52,602
Customer Service Representatives,36,47,60,33,30,56,602
Hotel  Motel  and Resort Desk Clerks,38,46,56,34,28,47,602
Career/Technical Education Teachers  Postsecondary,31,53,66,42,39,65,603
Executive Secretaries and Executive Administrative Assistants,42,48,67,37,32,67,603
Public Safety Telecommunicators,31,56,63,41,37,51,603
Correspondence Clerks,41,52,65,39,29,67,603
Parts Salespersons,37,49,65,41,42,52,603
Medical Assistants,44,51,66,47,33,61,603
Occupational Therapy Assistants,28,52,64,47,39,62,603
Ophthalmic Medical Technologists,41,50,63,48,38,52,603
Music Directors and Composers,30,59,63,32,34,57,603
Community Health Workers,34,56,66,47,37,61,603
Online Merchants,50,53,60,34,36,58,603
Food Service Managers,46,51,64,46,36,56,603
Actors,2,47,64,26,39,48,604
Travel Guides,34,49,65,31,39,48,604
Animal Trainers,26,50,53,46,39,46,604
Retail Loss Prevention Specialists,35,53,59,35,38,51,604
Hearing Aid Specialists,32,48,62,51,45,49,604
Home Health Aides,29,50,55,45,43,48,604
Childcare Workers,26,48,56,38,41,47,604
Psychiatric Aides,26,53,61,39,29,51,604
Recreation Workers,30,50,60,27,39,49,604
Travel and Tourism,34,49,65,31,39,48,604
First-Line Supervisors of Retail Sales Workers,43,50,57,36,37,52,604
Retail Salespersons,38,45,55,34,34,47,604
Demonstrators and Product Promoters,30,47,55,30,46,47,604
Sales person,38,45,55,34,34,47,604
Umpires  Referees  and Other Sports Officials,28,41,55,20,39,43,604
Hotel Management,34,49,65,31,39,48,604
Preschool Teachers  Except Special Education,30,52,61,29,39,48,604
Residential Advisors,27,49,62,25,34,50,604
Self-Enrichment Teachers,26,48,60,26,35,52,604
Telemarketers,14,38,56,24,4,45,605
Tour Guides and Escorts,21,41,58,11,23,40,605
Ophthalmic Laboratory Technicians,30,41,49,62,49,40,700
Biomass Plant Technicians,33,46,51,62,48,47,700
Extruding and Forming Machine Setters  Operators  and Tenders  Synthetic and Glass Fibers,29,44,51,57,47,42,700
Printing Press Operators,27,45,50,59,49,44,700
Prepress Technicians and Workers,28,46,49,59,52,45,700
Patternmakers  Metal and Plastic,34,46,47,52,53,43,700
Fiberglass Laminators and Fabricators,33,45,48,51,53,39,700
Print Binding and Finishing Workers,27,45,52,55,53,44,700
Electrical and Electronic Equipment Assemblers,25,45,53,62,54,41,700
Maintenance Workers  Machinery,29,44,52,52,51,40,700
Mechanical Door Repairers,29,45,50,60,51,45,700
Electrical and Electronics Installers and Repairers  Transportation Equipment,31,44,51,56,48,45,700
Forest and Conservation Workers,34,48,53,50,46,42,700
Cooks  Institution and Cafeteria,39,44,50,47,45,43,700
Medical Equipment Preparers,28,41,55,52,49,46,700
Electromechanical Equipment Assemblers,27,42,47,60,52,43,700
Radio  Cellular  and Tower Equipment Installers and Repairers,37,49,53,52,51,47,701
Mobile Heavy Equipment Mechanics  Except Engines,40,51,52,67,60,42,701
Home Appliance Repairers,36,47,52,62,55,46,701
Medical Equipment Repairers,46,53,56,65,57,47,701
Tool and Die Makers,39,47,53,58,63,45,701
Geothermal Technicians,45,51,51,56,55,48,701
Model Makers  Metal and Plastic,37,44,51,56,61,41,701
Model Makers  Wood,39,48,56,61,58,45,701
Carpenters,43,50,52,62,65,41,701
Maintenance and Repair Workers  General,34,46,52,61,57,48,701
Mechanic Technicians,30,56,54,64,56,39,702
Floral Designers,28,50,56,46,61,45,702
Camera Operators  Television  Video  and Film,27,50,54,51,62,44,702
Fine Artists  Including Painters  Sculptors  and Illustrators,27,54,50,56,68,45,702
Photographers,26,52,58,46,65,47,702
Wind Turbine Service Technicians,31,53,58,60,54,46,702
Makeup Artists  Theatrical and Performance,30,51,56,62,56,47,702
Elevator and Escalator Installers and Repairers,29,51,57,55,54,48,702
Telecommunications Equipment Installers and Repairers  Except Line Installers,37,53,59,57,55,45,702
Electronic Equipment Installers and Repairers  Motor Vehicles,33,53,54,63,59,45,702
Automotive Service Technicians and Mechanics,30,56,54,64,56,39,702
Motorcycle Mechanics,30,56,54,64,56,43,702
Sailors and Marine Oilers,33,44,56,63,50,45,703
Athletes and Sports Competitors,25,50,58,50,46,43,703
Semiconductor Processing Technicians,26,45,55,55,47,51,703
Locomotive Engineers,36,45,57,67,47,45,703
Broadcast Technicians,33,50,60,64,48,50,703
Radiologic Technologists and Technicians,30,50,63,67,48,47,703
Surgical Technologists,39,48,59,56,47,47,703
Dental Hygienists,28,47,59,63,45,50,703
Security and Fire Alarm Systems Installers,29,48,55,53,51,46,703
Recreational Vehicle Service Technicians,23,49,57,59,52,44,703
Power Plant Operators,30,52,60,49,46,48,703
Stationary Engineers and Boiler Operators,24,45,56,52,42,47,703
Endoscopy Technicians,29,46,62,66,45,51,703
Hairdressers  Hairstylists  and Cosmetologists,30,49,53,63,58,39,704
Motorboat Mechanics and Service Technicians,29,50,49,60,51,39,704
Farm Equipment Mechanics and Service Technicians,36,48,51,67,60,42,704
Bus and Truck Mechanics and Diesel Engine Specialists,27,51,50,62,55,39,704
Audiovisual Equipment Installers and Repairers,36,49,53,63,58,41,704
Electric Motor  Power Tool  and Related Repairers,36,50,51,67,54,45,704
Craft Artists,35,50,46,64,59,41,704
Jewelers and Precious Stone and Metal Workers,38,47,46,71,52,35,704
Camera and Photographic Equipment Repairers,37,45,52,61,62,36,704
Musical Instrument Repairers and Tuners,29,51,49,68,59,41,704
Upholsterers,36,46,49,67,61,36,704
Cabinetmakers and Bench Carpenters,39,46,50,64,59,38,704
Gem and Diamond Workers,42,44,49,65,50,39,704
Dental Laboratory Technicians,28,47,52,67,60,39,704
Outdoor Power Equipment and Other Small Engine Mechanics,28,47,45,62,58,42,704
Industrial Machinery Mechanics,33,47,49,64,57,43,704
Bicycle Repairers,29,45,51,63,63,42,704
Tailors  Dressmakers  and Custom Sewers,24,42,52,64,61,41,705
Furniture Finishers,26,45,48,60,58,32,705
Operating Engineers and Other Construction Equipment Operators,24,42,49,69,50,32,705
Automotive Body and Related Repairers,30,45,50,53,58,31,705
Rail Car Repairers,31,45,44,63,55,39,705
Motorboat Operators,27,44,47,69,53,37,705
Engine and Other Machine Assemblers,27,42,48,56,56,32,705
Watch and Clock Repairers,27,43,48,74,52,36,705
Foresters,44,60,68,45,48,64,800
Conservation Scientists,51,59,70,32,45,63,800
Food Scientists and Technologists,54,64,69,36,45,65,800
Solar Energy Systems Engineers,55,61,71,37,49,64,800
Radio Frequency Identification Device Specialists,47,62,66,35,46,57,800
Computer Systems Engineers/Architects,51,64,69,31,48,70,800
Web Administrators,43,59,68,42,45,61,800
Database Administrators,50,62,64,36,47,57,800
Computer Network Architects,50,63,69,33,47,67,800
Computer Systems Analysts,53,65,70,45,53,60,800
Occupational Health and Safety Specialists,50,62,67,39,49,67,800
Biofuels/Biodiesel Technology and Product Development Managers,57,64,68,45,47,66,800
Hydroelectric Production Managers,53,60,71,38,53,63,800
Biomass Power Plant Managers,49,61,68,39,45,63,800
Biofuels Production Managers,49,58,70,34,44,62,800
Geothermal Production Managers,54,60,67,44,47,60,800
Quality Control Systems Managers,50,64,68,33,44,67,800
Industrial Production Managers,52,65,68,37,50,60,800
Logisticians,51,65,68,26,49,61,800
Government Property Inspectors and Investigators,47,64,67,39,52,67,800
Computer and Information Systems Managers,48,64,70,29,47,64,800
Computer Engineering,51,64,69,31,48,70,800
Career/Technical Education Teachers  Secondary School,46,60,68,42,45,67,800
Cytogenetic Technologists,47,60,68,48,45,64,800
Energy Auditors,59,61,67,47,47,67,800
Nuclear Power Reactor Operators,47,59,67,45,45,61,800
Customs and Border Protection Officers,34,59,66,45,36,60,801
Adapted Physical Education Specialists,27,58,67,47,36,63,801
Media Technical Directors/Managers,29,63,65,43,54,62,801
Physical Therapists,41,61,68,48,45,65,801
Recreational Therapists,27,60,66,39,39,65,801
Art Therapists,30,65,68,45,47,66,801
Music Therapists,27,65,66,45,40,65,801
Orthoptists,34,64,72,50,45,67,801
Midwives,34,64,68,45,41,60,801
Occupational Therapists,33,66,66,47,45,67,801
Health Informatics Specialists,47,68,73,34,48,69,802
Nursing Instructors and Teachers  Postsecondary,46,62,75,42,33,73,802
Soil and Plant Scientists,51,70,75,39,45,72,802
Farm and Home Management Educators,49,66,73,34,47,69,802
Medical Scientists  Except Epidemiologists,57,69,75,43,40,75,802
Zoologists and Wildlife Biologists,49,62,74,39,45,74,802
Speech-Language Pathologists,40,67,76,28,38,75,802
Nurse Practitioners,47,67,76,43,45,70,802
Family Medicine Physicians,43,66,81,40,36,73,802
General Internal Medicine Physicians,47,71,76,45,45,72,802
Pediatricians  General,43,69,82,38,33,74,802
Physicians  Pathologists,48,73,78,47,45,76,802
Instructional Coordinators,47,64,75,22,47,74,802
Allergists and Immunologists,49,71,77,37,41,68,802
Psychiatrists,42,68,78,32,36,74,802
Environmental Scientists and Specialists  Including Health,56,65,75,35,42,70,802
Doctors,47,71,76,45,45,72,802
Hospitalists,49,71,78,43,47,70,802
Naturopathic Physicians,45,70,74,37,45,67,802
Anthropologists and Archeologists,44,71,78,39,54,81,802
Genetic Counselors,47,65,75,32,39,73,802
Emergency Management Directors,42,68,71,22,53,69,803
Video Game Designers,45,65,66,38,55,64,803
Computer Hardware Engineers,51,64,71,39,56,64,803
Curators,46,64,71,30,56,70,803
Art Directors,41,65,67,39,62,58,803
Producers and Directors,40,65,69,30,62,65,803
Coaches and Scouts,29,64,65,31,62,59,803
Orthotists and Prosthetists,40,63,71,54,62,69,803
Air Traffic Controllers,49,67,72,45,64,54,803
Fire-Prevention and Protection Engineers,47,63,66,28,54,65,803
Poets  Lyricists and Creative Writers,16,62,66,43,45,81,804
Art  Drama  and Music Teachers  Postsecondary,28,60,75,30,47,73,804
Editors,28,61,76,37,45,81,804
Optometrists,48,65,73,61,47,65,805
Ophthalmologists  Except Pediatric,48,69,77,66,48,71,805
Surgeons,47,71,76,60,45,72,805
Mechatronics Engineers,53,66,72,59,55,69,805
Pharmacists,54,61,75,48,34,66,805
Physician Assistants,46,65,73,47,45,67,805
Podiatrists - physician,45,69,76,50,52,70,805
Veterinarians,49,64,71,55,45,63,805
Registered Nurses,47,64,71,49,48,63,805
Clinical Nurse Specialists,48,65,71,47,39,68,805
Nurse Anesthetists,49,64,74,48,49,67,805
Critical Care Nurses,45,64,69,53,45,64,805
Audiologists,42,65,74,53,39,69,805
Anesthesiologists,48,69,78,55,39,67,805
Dermatologists,43,68,71,52,43,66,805
Obstetricians and Gynecologists,41,68,75,53,40,67,805
Radiologists,49,67,75,48,51,70,805
Urologists,39,69,76,59,41,73,805
Physical Medicine and Rehabilitation Physicians,45,69,74,42,53,67,805
Sports Medicine Physicians,40,70,78,52,54,72,805
Nurse Midwives,42,63,73,48,46,67,805
Information Security Analysts,40,62,68,33,44,65,806
Administrative Services Managers,41,56,67,34,44,65,806
Training and Development Managers,45,67,68,27,43,71,806
Fitness and Wellness Coordinators,39,62,66,30,44,63,806
Meeting  Convention  and Event Planners,46,61,68,32,47,67,806
Document Management Specialists DOC LIBRARIAN,37,56,66,35,41,63,806
Detectives and Criminal Investigators,35,67,70,35,45,61,806
Career/Technical Education Teachers  Middle School,37,59,67,27,44,65,806
Media Programming Directors,41,63,71,34,43,67,806
Exercise Physiologists,43,63,71,32,42,66,806
Acute Care Nurses,41,61,68,40,41,63,806
Advanced Practice Psychiatric Nurses,40,63,70,33,39,67,806
Fire Inspectors and Investigators,35,59,67,34,43,67,806
Elementary School Teachers  Except Special Education,41,64,68,32,45,67,806
Manufacturing Engineers,68,69,72,37,67,65,900
Planners,58,70,71,33,73,67,900
Automotive Engineers,67,70,72,27,64,65,900
Water/Wastewater Engineers,66,69,72,17,63,67,900
Marine Engineers and Naval Architects,65,67,73,35,67,67,900
Civil Engineers,67,68,74,26,64,67,900
Chemical Engineers,66,69,75,26,55,58,900
Architects ,58,70,71,33,73,67,900
Architectural and Engineering Managers,63,66,74,31,65,69,900
Transportation Engineers,67,69,72,30,67,67,900
Biochemists and Biophysicists,67,74,80,40,53,80,901
Bioinformatics Scientists,66,70,75,40,49,76,901
Molecular and Cellular Biologists,65,73,84,45,45,78,901
Geneticists,64,72,81,32,45,78,901
Physicists,85,78,81,32,64,78,901
Chemists,64,65,74,53,51,67,902
Computer and Information Research Scientists,58,71,70,41,54,65,902
Surveyors,67,58,67,48,54,63,902
Geodetic Surveyors,70,61,73,42,54,67,902
Agricultural Engineers,59,65,72,35,59,68,902
Fuel Cell Engineers,61,66,73,45,56,70,902
Electronics Engineers  Except Computer,59,65,69,49,60,66,902
Materials Engineers,61,67,73,38,56,71,902
Mechanical Engineers,67,65,73,62,59,58,902
Microsystems Engineers,57,67,73,41,58,67,902
Photonics Engineers,67,70,73,43,58,69,902
Bioengineers and Biomedical Engineers,63,69,74,40,60,69,902
Remote Sensing Scientists and Technologists,64,67,73,39,49,69,902
Nanosystems Engineers,64,70,76,46,51,69,902
Robotics Engineers,65,70,74,58,69,69,902
Statisticians,81,67,74,30,42,73,903
Biostatisticians HEALTHCARE STATISTICIAN,71,71,75,21,48,71,903
Astronomers,71,70,75,26,49,74,903
Data Scientists,81,67,74,30,42,73,903
Mathematicians,88,74,75,24,44,69,903
Operations Research Analysts,77,69,74,17,37,67,903
Actuaries,79,67,71,17,40,63,903
Aerospace Engineers,64,67,74,30,53,70,904
Environmental Engineers,58,67,72,16,51,72,904
Human Factors Engineers and Ergonomists,57,69,74,19,56,71,904
Mining and Geological Engineers  Including Mining Safety Engineers,63,69,74,20,59,71,904
Animal Scientists,54,68,74,25,44,73,904
Industrial-Organizational Psychologists,57,68,76,27,44,76,904
Materials Scientists,55,66,75,31,55,73,904
Geoscientists  Except Hydrologists and Geographers,60,67,75,27,49,69,904
Hydrologists,63,67,74,32,51,71,904
Environmental Economists,70,63,75,14,44,72,904
Nuclear Engineers,61,65,75,20,48,73,904
Engineering Teachers  Postsecondary,63,64,76,17,51,72,904
Architecture Teachers  Postsecondary,50,64,75,22,61,74,904
Interior Designers,46,61,67,15,67,63,905
Construction Managers,53,61,66,20,66,64,905
Landscape Architects,46,64,67,31,67,63,905
Wind Energy Engineers,63,61,64,35,56,58,905
Transportation Planners,52,65,67,22,60,65,905
Investment Fund Managers,66,65,69,30,42,66,906
Logistics Engineers,63,67,70,28,51,67,906
Electrical Engineers,58,62,71,36,50,66,906
Health and Safety Engineers  Except Mining Safety Engineers and Inspectors,51,67,72,25,54,68,906
Petroleum Engineers,53,66,69,25,52,71,906
Energy Engineers  Except Wind and Solar,61,63,72,22,54,63,906
Environmental Restoration Planners,54,65,72,31,51,69,906
Urban and Regional Planners,50,65,70,24,54,69,906
Industrial Engineers,52,63,69,27,55,68,906
Sales Engineers,55,66,72,29,46,66,906
Chief Executives,58,73,77,30,55,72,907
Entrepreneur,58,73,77,30,55,72,907
Microbiologists,54,73,76,51,50,75,907
Biologists,59,70,75,41,50,73,907
Epidemiologists,58,72,78,28,48,72,907
Neurologists,51,76,78,40,56,69,907
Preventive Medicine Physicians,50,75,77,23,49,73,907
Civil Service,58,73,77,30,55,72,907
Business(MBA),58,73,77,30,55,72,907
Administrator,58,73,77,30,55,72,907
